<?xml version="1.0" encoding="UTF-8"?>
<project-private xmlns="http://www.netbeans.org/ns/project-private/1">
    <editor-bookmarks xmlns="http://www.netbeans.org/ns/editor-bookmarks/2" lastBookmarkId="0"/>
    <open-files xmlns="http://www.netbeans.org/ns/projectui-open-files/2">
        <group>
            <file>file:/C:/Users/dell/Documents/NetBeansProjects/DhulikhelHotel/src/java/com/spring/dao/impl/BookerDaoImpl.java</file>
            <file>file:/C:/Users/dell/Documents/NetBeansProjects/DhulikhelHotel/web/WEB-INF/jsp/book.jsp</file>
            <file>file:/C:/Users/dell/Documents/NetBeansProjects/DhulikhelHotel/web/WEB-INF/jsp/welcome.jsp</file>
            <file>file:/C:/Users/dell/Documents/NetBeansProjects/DhulikhelHotel/web/WEB-INF/jsp/index.jsp</file>
        </group>
    </open-files>
</project-private>
